Tiempo_s,Temperatura_C,Duty_Cycle_pct,Error_C
0.009987831115722656,29.56,95.0,20.44
0.5016238689422607,29.61,94.9706,20.39
1.0087890625,29.59,95.0,20.41
1.5000224113464355,29.62,95.0,20.38
2.0015265941619873,29.61,95.0,20.39
2.502026081085205,29.61,95.0,20.39
3.0061326026916504,29.64,95.0,20.36
3.501927375793457,29.67,95.0,20.33
4.000210285186768,29.75,94.9252,20.25
4.508912801742554,29.81,94.9784,20.19
5.004134654998779,29.86,95.0,20.14
5.501751184463501,29.96,94.9656,20.04
6.004189729690552,30.03,95.0,19.97
6.50433087348938,30.11,95.0,19.89
7.00519871711731,30.26,94.9557,19.74
7.508037090301514,30.31,95.0,19.69
8.000027656555176,30.47,94.886,19.53
8.506341695785522,30.56,95.0,19.44
9.002431631088257,30.69,95.0,19.31
9.503532648086548,30.89,94.8852,19.11
10.00336217880249,30.98,95.0,19.02
10.506057262420654,31.12,95.0,18.88
11.003579139709473,31.36,94.7779,18.64
11.505409002304077,31.45,95.0,18.55
12.007474184036255,31.64,94.9462,18.36
12.501649856567383,31.76,95.0,18.24
13.000696659088135,31.92,95.0,18.08
13.50930404663086,32.15,94.824,17.85
14.009614706039429,32.29,95.0,17.71
14.504283905029297,32.47,94.7469,17.53
15.004024505615234,32.62,95.0,17.380000000000003
15.506980895996094,32.8,95.0,17.200000000000003
16.008199453353882,33.01,94.6816,16.990000000000002
16.50915241241455,33.15,95.0,16.85
17.008237838745117,33.31,95.0,16.689999999999998
17.508187532424927,33.53,94.9095,16.47
18.00359272956848,33.67,95.0,16.33
18.503500938415527,33.87,94.9489,16.130000000000003
19.002081155776978,34.04,95.0,15.96
19.502788066864014,34.21,95.0,15.79
20.00193214416504,34.43,94.8745,15.57
20.50544309616089,34.56,95.0,15.439999999999998
21.008089542388916,34.74,95.0,15.259999999999998
21.502156734466553,34.91,95.0,15.090000000000003
22.001253128051758,35.09,95.0,14.909999999999997
22.50624394416809,35.32,94.8278,14.68
23.000771284103394,35.46,95.0,14.54
23.5025577545166,35.63,94.9586,14.369999999999997
24.002572536468506,35.86,94.6792,14.14
24.50106978416443,35.98,95.0,14.020000000000003
25.002857208251953,36.18,94.804,13.82
25.50788116455078,36.35,95.0,13.649999999999999
26.004222869873047,36.51,94.9944,13.490000000000002
26.508188724517822,36.73,94.7604,13.270000000000003
27.001269102096558,36.86,95.0,13.14
27.506128787994385,37.03,95.0,12.969999999999999
28.003503799438477,37.29,94.566,12.71
28.504984855651855,37.37,94.9989,12.630000000000003
29.004644632339478,37.58,94.7197,12.420000000000002
29.50108551979065,37.7,95.0,12.299999999999997
30.00010371208191,37.88,95.0,12.119999999999997
30.50678586959839,38.1,94.7658,11.899999999999999
31.003144025802612,38.21,95.0,11.79
31.504397869110107,38.35,95.0,11.649999999999999
32.00270390510559,38.54,95.0,11.46
32.50270056724548,38.75,94.7912,11.25
33.00662088394165,38.93,94.7592,11.07
33.503639459609985,39.04,95.0,10.96
34.00281047821045,39.18,95.0,10.82
34.50295877456665,39.42,94.7749,10.579999999999998
35.00462770462036,39.55,94.9656,10.450000000000003
35.508700370788574,39.74,94.6476,10.259999999999998
36.007508277893066,39.87,94.9494,10.130000000000003
36.50561261177063,40.02,95.0,9.979999999999997
37.00409150123596,40.23,94.7878,9.770000000000003
37.506848096847534,40.34,95.0,9.659999999999997
38.00266623497009,40.48,94.9435,9.520000000000003
38.50948905944824,40.71,94.685,9.29
39.00964665412903,40.81,95.0,9.189999999999998
39.50465130805969,40.99,94.8208,9.009999999999998
40.004658937454224,41.12,95.0,8.880000000000003
40.50585722923279,41.26,95.0,8.740000000000002
41.00855326652527,41.49,94.7042,8.509999999999998
41.50434684753418,41.57,95.0,8.43
42.00089478492737,41.73,94.9196,8.270000000000003
42.503467082977295,41.87,95.0,8.130000000000003
43.00332856178284,42.03,95.0,7.969999999999999
43.50949811935425,42.23,94.7632,7.770000000000003
44.000731229782104,42.34,95.0,7.659999999999997
44.50708794593811,42.48,94.9897,7.520000000000003
45.000797271728516,42.66,94.8956,7.340000000000003
45.50139880180359,42.79,94.8828,7.210000000000001
46.00761842727661,42.95,94.6649,7.049999999999997
46.505685567855835,43.07,94.9237,6.93
47.00605344772339,43.21,94.9849,6.789999999999999
47.50201940536499,43.39,94.7925,6.609999999999999
48.007164001464844,43.49,94.9105,6.509999999999998
48.5006148815155,43.63,94.8568,6.369999999999997
49.00370478630066,43.76,94.9866,6.240000000000002
49.50182271003723,43.92,94.9985,6.079999999999998
50.00558400154114,44.12,94.5647,5.880000000000003
50.50000238418579,44.2,94.9703,5.799999999999997
51.00032830238342,44.36,94.8624,5.640000000000001
51.501147508621216,44.52,94.7883,5.479999999999997
52.00178146362305,44.62,94.9923,5.380000000000003
52.50002837181091,44.79,94.7086,5.210000000000001
53.00001811981201,44.9,94.9643,5.100000000000001
53.50119662284851,45.02,94.9513,4.979999999999997
54.003450870513916,45.22,94.6995,4.780000000000001
54.50269794464111,45.31,94.9041,4.689999999999998
55.00200390815735,45.44,94.8736,4.560000000000002
55.503692626953125,45.64,94.6315,4.359999999999999
56.00171661376953,45.66,94.9426,4.340000000000003
56.502795457839966,45.88,94.4764,4.119999999999997
57.00333786010742,45.99,94.5883,4.009999999999998
57.50137186050415,46.11,94.5456,3.8900000000000006
58.00139021873474,46.28,94.3043,3.719999999999999
58.5002281665802,46.38,94.3031,3.6199999999999974
59.00197172164917,46.56,93.867,3.4399999999999977
59.500590085983276,46.62,94.1743,3.3800000000000026
60.000619649887085,46.77,93.8942,3.229999999999997
60.50343346595764,46.94,93.5224,3.0600000000000023
61.00391864776611,47.04,93.4595,2.960000000000001
61.5026798248291,47.16,93.2709,2.8400000000000034
62.00345277786255,47.32,92.9388,2.6799999999999997
62.502686738967896,47.39,92.939,2.6099999999999994
63.00164270401001,47.56,92.4411,2.4399999999999977
63.50323939323425,47.65,92.3649,2.3500000000000014
64.00323104858398,47.77,92.0906,2.229999999999997
64.50354862213135,47.96,91.467,2.039999999999999
65.00380086898804,48.05,91.3303,1.9500000000000028
65.50105261802673,48.17,90.9668,1.8299999999999983
66.00380849838257,48.32,90.5163,1.6799999999999997
66.50194573402405,48.38,90.4529,1.6199999999999974
67.00141549110413,48.53,89.9316,1.4699999999999989
67.50166177749634,48.65,89.5599,1.3500000000000014
68.00259709358215,48.74,89.2801,1.259999999999998
68.5000901222229,48.94,88.4931,1.0600000000000023
69.00384473800659,48.99,88.3442,1.009999999999998
69.50223898887634,49.13,87.7761,0.8699999999999974
70.00366997718811,49.21,87.5333,0.7899999999999991
70.50396275520325,49.33,87.0333,0.6700000000000017
71.00109338760376,49.48,86.3882,0.5200000000000031
71.50336980819702,49.57,85.9816,0.4299999999999997
72.00259470939636,49.69,85.4376,0.3100000000000023
72.50168228149414,49.84,84.737,0.1599999999999966
73.00047826766968,49.87,84.591,0.13000000000000256
73.50340151786804,50.06,83.6753,-0.060000000000002274
74.00281381607056,50.12,83.3748,-0.11999999999999744
74.50326299667358,50.22,82.8346,-0.21999999999999886
75.00249576568604,50.37,82.2258,-0.36999999999999744
75.50090098381042,50.42,81.7324,-0.4200000000000017
76.00104117393494,50.53,81.1408,-0.5300000000000011
76.50339674949646,50.62,80.5875,-0.6199999999999974
77.00239133834839,50.73,79.9063,-0.7299999999999969
77.50094175338745,50.86,79.1708,-0.8599999999999994
78.00004053115845,50.91,78.7259,-0.9099999999999966
78.50287008285522,51.03,78.0537,-1.0300000000000011
79.0023741722107,51.17,77.1646,-1.1700000000000017
79.503249168396,51.2,76.8603,-1.2000000000000028
80.00315427780151,51.34,75.9794,-1.3400000000000034
80.50025534629822,51.41,75.4109,-1.4099999999999966
81.00057792663574,51.49,74.8175,-1.490000000000002
81.50098085403442,51.64,73.8157,-1.6400000000000006
82.00358939170837,51.68,73.3137,-1.6799999999999997
82.50122427940369,51.77,72.6754,-1.7700000000000031
83.00187468528748,51.87,71.861,-1.8699999999999974
83.50331401824951,51.92,71.3389,-1.9200000000000017
84.00145554542542,52.06,70.3989,-2.0600000000000023
84.50170540809631,52.1,69.8583,-2.1000000000000014
85.00089645385742,52.17,69.1624,-2.1700000000000017
85.50366377830505,52.3,68.1903,-2.299999999999997
86.00115752220154,52.32,67.7517,-2.3200000000000003
86.50213193893433,52.45,66.8203,-2.450000000000003
87.00064134597778,52.48,66.2096,-2.479999999999997
87.50225377082825,52.54,65.5924,-2.539999999999999
88.00135040283203,52.64,64.6871,-2.6400000000000006
88.50158452987671,52.66,64.161,-2.6599999999999966
89.00155115127563,52.74,63.3764,-2.740000000000002
89.50015664100647,52.86,62.3531,-2.8599999999999994
90.00048589706421,52.85,62.0248,-2.8500000000000014
90.50071406364441,52.99,60.9392,-2.990000000000002
91.00194907188416,53.0,60.3608,-3.0
91.50255036354065,53.05,59.7086,-3.049999999999997
92.00032830238342,53.15,58.7243,-3.1499999999999986
92.50202369689941,53.18,58.1314,-3.1799999999999997
93.00302863121033,53.25,57.3357,-3.25
93.50143361091614,53.29,56.5658,-3.289999999999999
94.00051736831665,53.25,56.324,-3.25
94.50196075439453,53.47,54.7423,-3.469999999999999
95.00307869911194,52.86,57.2019,-2.8599999999999994
95.50123453140259,53.05,-48.5448,-3.049999999999997
96.00317883491516,53.14,-49.5453,-3.1400000000000006
96.50333786010742,53.16,-49.932,-3.1599999999999966
97.00393724441528,53.25,-50.0,-3.25
97.50123620033264,53.25,-50.0,-3.25
98.00248622894287,53.26,-49.7507,-3.259999999999998
98.50071215629578,53.33,-50.0,-3.3299999999999983
99.00136756896973,53.31,-49.9995,-3.3100000000000023
99.50284695625305,53.31,-49.8809,-3.3100000000000023
100.00235986709595,53.33,-49.9412,-3.3299999999999983
100.50053763389587,53.32,-49.9856,-3.3200000000000003
101.00393629074097,53.34,-50.0,-3.3400000000000034
101.5024950504303,53.29,-49.9917,-3.289999999999999
102.00212097167969,53.27,-49.9886,-3.270000000000003
102.50276350975037,53.22,-49.8374,-3.219999999999999
103.0037727355957,53.19,-49.9356,-3.1899999999999977
103.50290846824646,53.1,-49.907,-3.1000000000000014
104.00084376335144,53.07,-49.7304,-3.0700000000000003
104.5003650188446,52.99,-49.8711,-2.990000000000002
105.00036191940308,52.94,-49.7959,-2.9399999999999977
105.5016098022461,52.86,-49.742,-2.8599999999999994
106.00259971618652,52.83,-49.8166,-2.8299999999999983
106.50474190711975,52.77,-49.9599,-2.770000000000003
107.00221085548401,52.67,-49.8388,-2.6700000000000017
107.5012435913086,52.57,-49.6499,-2.5700000000000003
108.00626611709595,52.48,-49.6398,-2.479999999999997
108.50572633743286,52.42,-49.6882,-2.4200000000000017
109.00420713424683,52.3,-49.4565,-2.299999999999997
109.50564384460449,52.21,-49.3193,-2.210000000000001
110.00326538085938,52.1,-49.054,-2.1000000000000014
110.50194025039673,52.04,-49.0859,-2.039999999999999
111.00538659095764,51.94,-48.7809,-1.9399999999999977
111.50718355178833,51.86,-48.7549,-1.8599999999999994
112.00046229362488,51.74,-48.4287,-1.740000000000002
112.50478482246399,51.58,-47.8718,-1.5799999999999983
113.00493955612183,51.55,-47.9553,-1.5499999999999972
113.5061149597168,51.39,-47.4175,-1.3900000000000006
114.00188755989075,51.35,-47.3809,-1.3500000000000014
114.5072340965271,51.2,-46.8231,-1.2000000000000028
115.00214290618896,51.1,-46.5029,-1.1000000000000014
115.50785517692566,51.01,-46.2107,-1.009999999999998
116.00878190994263,50.88,-45.6688,-0.8800000000000026
116.50124335289001,50.74,-45.1156,-0.740000000000002
117.00094032287598,50.67,-44.8657,-0.6700000000000017
117.5014214515686,50.5,-44.3257,-0.5
118.0090880393982,50.45,-43.9191,-0.45000000000000284
118.5017659664154,50.26,-43.0247,-0.259999999999998
119.00125241279602,50.19,-42.7167,-0.18999999999999773
119.50630450248718,50.08,-42.1732,-0.0799999999999983
120.00103259086609,49.9,-41.5073,0.10000000000000142
120.50261688232422,49.86,-41.1102,0.14000000000000057
121.0053174495697,49.75,-40.4957,0.25
121.50579977035522,49.63,-39.8408,0.36999999999999744
122.00223350524902,49.53,-39.253,0.46999999999999886
122.50376319885254,49.38,-38.4313,0.6199999999999974
123.00688600540161,49.23,-37.6059,0.7700000000000031
123.50776100158691,49.17,-37.151,0.8299999999999983
124.00449442863464,49.05,-36.4324,0.9500000000000028
124.50111269950867,48.97,-35.8926,1.0300000000000011
125.00520420074463,48.81,-34.9028,1.1899999999999977
125.50470495223999,48.68,-34.0794,1.3200000000000003
126.00122690200806,48.57,-33.3286,1.4299999999999997
126.5047619342804,48.5,-32.7666,1.5
127.0011956691742,48.38,-31.8851,1.6199999999999974
127.50237131118774,48.21,-30.7893,1.7899999999999991
128.0023593902588,48.13,-30.1756,1.8699999999999974
128.50092673301697,48.01,-29.2696,1.990000000000002
129.00326228141785,47.92,-28.4992,2.0799999999999983
129.50314044952393,47.79,-27.5525,2.210000000000001
130.00086307525635,47.67,-26.6212,2.3299999999999983
130.5006821155548,47.52,-25.5094,2.479999999999997
131.00165104866028,47.45,-24.8248,2.549999999999997
131.50197005271912,47.33,-23.7889,2.6700000000000017
132.00369548797607,47.26,-23.082,2.740000000000002
132.50238466262817,47.18,-22.238,2.8200000000000003
133.00344228744507,47.03,-21.2425,2.969999999999999
133.5026478767395,46.94,-20.2113,3.0600000000000023
134.0003764629364,46.87,-19.3142,3.1300000000000026
134.50365734100342,46.74,-18.2126,3.259999999999998
135.0000398159027,46.67,-17.4191,3.3299999999999983
135.501690864563,46.54,-16.2174,3.460000000000001
136.00219082832336,46.39,-14.9846,3.6099999999999994
136.5000422000885,46.35,-14.2217,3.6499999999999986
137.00090885162354,46.23,-13.0445,3.770000000000003
137.5020797252655,46.1,-11.8807,3.8999999999999986
138.00161600112915,46.04,-10.9435,3.960000000000001
138.5021526813507,45.89,-9.6474,4.109999999999999
139.00222253799438,45.86,-8.7927,4.140000000000001
139.5009047985077,45.74,-7.6859,4.259999999999998
140.00118470191956,45.65,-6.4968,4.350000000000001
140.50083875656128,45.58,-5.5476,4.420000000000002
141.00034260749817,45.4,-3.9725,4.600000000000001
141.50112867355347,45.54,-4.0997,4.460000000000001
142.0013735294342,45.03,0.6722,4.969999999999999
142.50004720687866,45.22,0.9997,4.780000000000001
143.00084924697876,45.08,0.4538,4.920000000000002
143.50073099136353,44.66,3.2644,5.340000000000003
144.00187158584595,45.36,0.4294,4.640000000000001
144.5027573108673,45.29,1.5818,4.710000000000001
145.0027678012848,45.11,3.0852,4.890000000000001
145.50261783599854,45.08,3.9497,4.920000000000002
146.00094270706177,44.96,5.3805,5.039999999999999
146.5016152858734,44.87,6.4857,5.130000000000003
147.00176525115967,44.83,7.5365,5.170000000000002
147.50012731552124,44.7,8.9072,5.299999999999997
148.00233817100525,44.64,9.9744,5.359999999999999
148.50241994857788,44.57,11.1866,5.43
149.00021266937256,44.49,12.3486,5.509999999999998
149.50295066833496,44.45,13.3719,5.549999999999997
150.0024859905243,44.35,14.7666,5.649999999999999
150.50255370140076,44.29,15.8011,5.710000000000001
151.00086855888367,44.25,16.9732,5.75
151.5025200843811,44.15,18.3221,5.850000000000001
152.0027949810028,44.12,19.2648,5.880000000000003
152.5000503063202,44.02,20.7321,5.979999999999997
153.0029628276825,43.92,22.0871,6.079999999999998
153.50104308128357,43.91,23.0465,6.090000000000003
154.00065350532532,43.82,24.4332,6.18
154.5017123222351,43.76,25.5531,6.240000000000002
155.00078535079956,43.74,26.7678,6.259999999999998
155.50131511688232,43.64,28.0844,6.359999999999999
156.00051283836365,43.64,28.9887,6.359999999999999
156.50020670890808,43.59,30.2818,6.409999999999997
157.00279879570007,43.54,31.4134,6.460000000000001
157.50102543830872,43.55,32.3805,6.450000000000003
158.00267601013184,43.47,33.7135,6.530000000000001
158.50034928321838,43.48,34.5166,6.520000000000003
159.0015208721161,43.41,36.0496,6.590000000000003
159.50217032432556,43.36,37.166,6.640000000000001
160.00177454948425,43.38,38.0601,6.619999999999997
160.50090646743774,43.32,39.4381,6.68
161.00253701210022,43.34,40.1856,6.659999999999997
161.502459526062,43.33,41.3619,6.670000000000002
162.0003650188446,43.26,42.6143,6.740000000000002
162.5000262260437,43.29,43.3979,6.710000000000001
163.00247716903687,43.25,44.7288,6.75
163.50180459022522,43.26,45.5778,6.740000000000002
164.00184559822083,43.28,46.5361,6.719999999999999
164.5023455619812,43.27,47.6036,6.729999999999997
165.0012812614441,42.89,50.4307,7.109999999999999
165.50243735313416,43.32,49.3319,6.68
166.00424790382385,43.19,50.8723,6.810000000000002
166.50153970718384,43.25,51.5085,6.75
167.00152325630188,43.32,9.298,6.68
167.50353932380676,43.33,10.2633,6.670000000000002
168.00261688232422,43.39,10.9275,6.609999999999999
168.5098476409912,43.35,12.0167,6.649999999999999
169.0055136680603,43.44,12.5071,6.560000000000002
169.50094985961914,43.4,13.8497,6.600000000000001
170.00518226623535,43.42,14.6444,6.579999999999998
170.50031661987305,43.49,15.2618,6.509999999999998
171.0041699409485,43.46,16.3799,6.539999999999999
171.50020694732666,43.47,17.2181,6.530000000000001
172.00154829025269,43.56,17.9174,6.439999999999998
172.5026822090149,43.51,19.0277,6.490000000000002
173.00267815589905,43.58,19.5829,6.420000000000002
173.50006651878357,43.52,20.9823,6.479999999999997
174.00167512893677,43.53,21.8021,6.469999999999999
174.502605676651,43.57,22.6207,6.43
175.00324535369873,43.53,23.7478,6.469999999999999
175.50144934654236,43.54,24.6132,6.460000000000001
176.00384855270386,43.53,25.7279,6.469999999999999
176.50193548202515,43.54,26.5268,6.460000000000001
177.00129318237305,43.57,27.3472,6.43
177.5005886554718,43.55,28.4742,6.450000000000003
178.00191473960876,43.53,29.4301,6.469999999999999
178.50121402740479,43.58,30.2622,6.420000000000002
179.00202655792236,43.52,31.4484,6.479999999999997
179.5008955001831,43.57,32.0632,6.43
180.00004386901855,43.55,33.2443,6.450000000000003
180.5021321773529,43.54,34.1595,6.460000000000001
181.00298929214478,43.64,34.7002,6.359999999999999
181.50332117080688,43.55,36.0607,6.450000000000003
182.00160670280457,43.55,36.9436,6.450000000000003
182.50238418579102,43.58,37.9085,6.420000000000002
183.0012743473053,43.57,38.8442,6.43
183.50105261802673,43.64,39.4083,6.359999999999999
184.00167536735535,43.59,40.6188,6.409999999999997
184.50056838989258,43.6,41.5187,6.399999999999999
185.00245690345764,43.68,42.102,6.32
185.5008487701416,43.63,43.2914,6.369999999999997
186.0015561580658,43.68,43.8553,6.32
186.50029039382935,43.66,45.0993,6.340000000000003
187.00213503837585,43.71,45.6994,6.289999999999999
187.50020146369934,43.77,46.3336,6.229999999999997
188.00012755393982,43.75,47.3363,6.25
188.5013370513916,43.78,48.0682,6.219999999999999
189.00079131126404,43.95,48.2106,6.049999999999997
189.50109243392944,43.84,49.5242,6.159999999999997
190.00282454490662,43.89,47.1464,6.109999999999999
190.50271272659302,43.9,48.1149,6.100000000000001
191.00327014923096,43.85,49.2039,6.149999999999999
191.5014328956604,44.01,49.2999,5.990000000000002
192.00187182426453,44.29,48.7699,5.710000000000001
192.50115156173706,44.03,50.875,5.969999999999999
193.0019052028656,44.07,16.099,5.93
193.5012080669403,44.13,16.5827,5.869999999999997
194.0000250339508,44.23,16.926,5.770000000000003
194.50216341018677,44.22,17.9185,5.780000000000001
195.00206851959229,44.26,18.4702,5.740000000000002
195.50018095970154,44.36,18.9401,5.640000000000001
196.00014996528625,44.35,19.7567,5.649999999999999
196.50210118293762,44.42,20.188,5.579999999999998
197.00102019309998,44.42,21.304,5.579999999999998
197.50379180908203,44.45,21.7035,5.549999999999997
198.0026876926422,44.55,22.0758,5.450000000000003
198.5027678012848,44.53,23.0061,5.469999999999999
199.0032455921173,44.54,23.6822,5.460000000000001
199.50068521499634,44.61,24.2737,5.390000000000001
200.00047898292542,44.59,25.0855,5.409999999999997
200.50296139717102,44.66,25.512,5.340000000000003
201.003427028656,44.65,26.4472,5.350000000000001
201.50231862068176,44.68,27.0133,5.32
202.00794196128845,44.73,27.6164,5.270000000000003
202.508691072464,44.69,28.5773,5.310000000000002
203.00656127929688,44.71,29.2216,5.289999999999999
203.50232791900635,44.71,30.0602,5.289999999999999
204.00979208946228,44.75,30.5981,5.25
204.50276374816895,44.79,31.156,5.210000000000001
205.00311040878296,44.74,32.2243,5.259999999999998
205.509441614151,44.79,32.6911,5.210000000000001
206.00783157348633,44.82,33.4067,5.18
206.50565838813782,44.81,34.1773,5.189999999999998
207.00676941871643,44.86,34.6456,5.140000000000001
207.5003457069397,44.82,35.6863,5.18
208.00518226623535,44.83,36.3366,5.170000000000002
208.50225162506104,44.88,36.8825,5.119999999999997
209.00487780570984,44.87,37.6944,5.130000000000003
209.5025279521942,44.87,38.3805,5.130000000000003
210.00936365127563,44.96,38.8499,5.039999999999999
210.5062792301178,44.9,39.8047,5.100000000000001
211.00287413597107,44.99,40.1058,5.009999999999998
211.50267696380615,44.96,41.0498,5.039999999999999
212.0092568397522,44.96,41.7315,5.039999999999999
212.509197473526,45.04,42.1496,4.960000000000001
213.00108408927917,45.01,43.0406,4.990000000000002
213.5003743171692,45.09,43.2442,4.909999999999997
214.00104570388794,45.06,44.2551,4.939999999999998
214.50269961357117,45.1,44.7213,4.899999999999999
215.00054717063904,45.19,45.0321,4.810000000000002
215.50954413414001,45.16,45.9162,4.840000000000003
216.00813364982605,45.19,46.4324,4.810000000000002
216.50436115264893,45.28,46.7836,4.719999999999999
217.00915122032166,45.25,47.5836,4.75
217.50656819343567,45.35,47.7231,4.649999999999999
218.00070762634277,45.43,48.0898,4.57
218.50302505493164,45.35,49.2429,4.649999999999999
219.00396180152893,45.44,49.4958,4.560000000000002
219.50723505020142,45.42,43.7629,4.579999999999998
220.00467324256897,45.47,44.1358,4.530000000000001
220.5067629814148,45.58,44.3512,4.420000000000002
221.0082664489746,45.56,45.0738,4.439999999999998
221.5029046535492,45.67,45.1175,4.329999999999998
222.0078992843628,45.63,45.9971,4.369999999999997
222.50370621681213,45.68,46.3221,4.32
223.00051021575928,45.79,46.5095,4.210000000000001
223.50025868415833,45.78,47.1397,4.219999999999999
224.00047063827515,45.87,47.2484,4.130000000000003
224.5006902217865,45.87,47.9602,4.130000000000003
225.00070142745972,45.94,48.1624,4.060000000000002
225.5001094341278,46.9,43.9804,3.1000000000000014
226.00003671646118,46.44,47.0123,3.5600000000000023
226.500257730484,45.65,0.786,4.350000000000001
227.00026059150696,46.25,-1.4854,3.75
227.50073313713074,46.25,0.9773,3.75
228.00044322013855,46.4,-1.1238,3.6000000000000014
228.50072121620178,46.33,0.1796,3.6700000000000017
229.00007557868958,46.37,0.1371,3.6300000000000026
229.50021266937256,46.47,0.2144,3.530000000000001
230.00027513504028,46.45,0.8373,3.549999999999997
230.50059294700623,46.54,0.8459,3.460000000000001
231.00092267990112,46.52,1.5657,3.479999999999997
231.50035572052002,46.49,2.2001,3.509999999999998
232.00022506713867,46.54,2.4416,3.460000000000001
232.50094151496887,46.53,3.0408,3.469999999999999
233.00082516670227,46.55,3.3965,3.450000000000003
233.50066542625427,46.58,3.8247,3.4200000000000017
234.00008416175842,46.53,4.509,3.469999999999999
234.50014281272888,46.57,4.8035,3.4299999999999997
235.00086164474487,46.54,5.555,3.460000000000001
235.50041818618774,46.52,6.1165,3.479999999999997
236.0009958744049,46.55,6.5136,3.450000000000003
236.50014734268188,46.51,7.2374,3.490000000000002
237.00029492378235,46.48,7.8617,3.520000000000003
237.5002281665802,46.46,8.5499,3.539999999999999
238.00083231925964,46.44,9.1403,3.5600000000000023
238.5000274181366,46.48,9.4417,3.520000000000003
239.00043106079102,46.4,10.4052,3.6000000000000014
239.50094175338745,46.38,10.9883,3.6199999999999974
240.0008909702301,46.4,11.4602,3.6000000000000014
240.50027751922607,46.35,12.2446,3.6499999999999986
241.00079035758972,46.34,12.766,3.6599999999999966
241.50030541419983,46.3,13.6384,3.700000000000003
242.00035619735718,46.27,14.2904,3.729999999999997
242.50046920776367,46.3,14.7048,3.700000000000003
243.00075697898865,46.24,15.5268,3.759999999999998
243.50076723098755,46.19,16.2869,3.8100000000000023
244.00037240982056,46.22,16.8363,3.780000000000001
244.5006139278412,46.16,17.6071,3.8400000000000034
245.00023317337036,46.17,18.1382,3.8299999999999983
245.50098323822021,46.1,19.1095,3.8999999999999986
246.00045609474182,46.08,19.7298,3.9200000000000017
246.50073981285095,46.11,20.1947,3.8900000000000006
247.00029635429382,46.07,20.9849,3.9299999999999997
247.50079441070557,46.05,21.636,3.950000000000003
248.00054693222046,46.0,22.5708,4.0
248.50079369544983,46.0,23.0508,4.0
249.00082850456238,46.0,23.6447,4.0
249.5006890296936,45.95,24.5736,4.049999999999997
250.00081038475037,45.94,25.1183,4.060000000000002
250.50082921981812,45.96,25.7093,4.039999999999999
251.00075006484985,45.9,26.5925,4.100000000000001
251.50029015541077,45.94,26.9276,4.060000000000002
252.0005280971527,45.9,27.8246,4.100000000000001
252.5002257823944,45.88,28.4743,4.119999999999997
253.00070762634277,45.95,28.7655,4.049999999999997
253.50644326210022,45.9,29.6592,4.100000000000001
254.00849771499634,45.88,30.3091,4.119999999999997
254.5087776184082,45.91,30.866,4.090000000000003
255.00923657417297,45.9,31.5077,4.100000000000001
255.5009970664978,45.93,31.9015,4.07
256.00868129730225,45.89,32.7913,4.109999999999999
256.5016920566559,45.9,33.2731,4.100000000000001
257.00265407562256,45.95,33.6767,4.049999999999997
257.5021677017212,45.91,34.4519,4.090000000000003
258.0022120475769,45.97,34.6617,4.030000000000001
258.50500988960266,45.94,35.5498,4.060000000000002
259.0068790912628,45.95,36.0492,4.049999999999997
259.507915019989,45.99,36.4207,4.009999999999998
260.00139117240906,45.97,37.179,4.030000000000001
260.50871562957764,45.99,37.6269,4.009999999999998
261.0096044540405,46.06,37.9194,3.9399999999999977
261.5005841255188,46.04,38.5355,3.960000000000001
262.00482988357544,46.1,38.8275,3.8999999999999986
262.50543904304504,46.08,39.5472,3.9200000000000017
263.0071017742157,46.11,39.9499,3.8900000000000006
263.5087239742279,46.15,40.3326,3.8500000000000014
264.0063045024872,46.15,40.9263,3.8500000000000014
264.5043218135834,46.17,41.3289,3.8299999999999983
265.0021448135376,46.2,41.8509,3.799999999999997
265.5029408931732,46.23,42.1975,3.770000000000003
266.00824546813965,46.29,42.4553,3.710000000000001
266.50950956344604,46.28,43.1103,3.719999999999999
267.00896644592285,46.31,43.4795,3.6899999999999977
267.5035014152527,46.39,43.6319,3.6099999999999994
268.0089747905731,46.38,44.1847,3.6199999999999974
268.5016202926636,46.46,44.2571,3.539999999999999
269.0042316913605,46.46,44.8753,3.539999999999999
269.50322794914246,46.5,45.146,3.5
270.0099482536316,46.57,45.3417,3.4299999999999997
270.5019507408142,46.57,45.8367,3.4299999999999997
271.0001606941223,46.63,46.0344,3.3699999999999974
271.5083785057068,46.7,46.2468,3.299999999999997
272.00630474090576,46.69,46.7576,3.3100000000000023
272.5033276081085,46.78,46.7652,3.219999999999999
273.00645875930786,46.76,47.3733,3.240000000000002
273.50984144210815,46.83,47.464,3.1700000000000017
274.0004346370697,46.91,47.5585,3.0900000000000034
274.50937700271606,46.92,47.9929,3.0799999999999983
275.009966135025,46.97,48.1231,3.030000000000001
275.5087866783142,47.0,48.5113,3.0
276.00356364250183,46.68,50.4798,3.3200000000000003
276.50020480155945,47.17,28.2229,2.8299999999999983
277.0038001537323,47.17,28.6843,2.8299999999999983
277.50781655311584,47.23,28.7395,2.770000000000003
278.00835514068604,47.32,28.7395,2.6799999999999997
278.5094220638275,47.31,29.1904,2.6899999999999977
279.0046384334564,47.42,28.9667,2.5799999999999983
279.5047941207886,47.43,29.3892,2.5700000000000003
280.003134727478,47.46,29.5676,2.539999999999999
280.5036325454712,47.57,29.388,2.4299999999999997
281.0082211494446,47.58,29.7255,2.4200000000000017
281.5098011493683,47.6,29.9434,2.3999999999999986
282.0005695819855,47.71,29.8108,2.289999999999999
282.50901532173157,47.71,30.1217,2.289999999999999
283.0071566104889,47.8,29.9806,2.200000000000003
283.5022933483124,47.78,30.3982,2.219999999999999
284.0002021789551,47.83,30.4871,2.1700000000000017
284.5082788467407,47.9,30.4762,2.1000000000000014
285.00828194618225,47.89,30.8217,2.1099999999999994
285.5077979564667,47.96,30.7841,2.039999999999999
286.0099718570709,47.94,31.21,2.0600000000000023
286.50504302978516,47.98,31.2913,2.020000000000003
287.00975131988525,48.05,31.2543,1.9500000000000028
287.50491547584534,48.03,31.638,1.9699999999999989
288.0019154548645,48.05,31.7739,1.9500000000000028
288.5069508552551,48.13,31.7574,1.8699999999999974
289.00486874580383,48.11,32.0851,1.8900000000000006
289.50820565223694,48.19,31.9746,1.8100000000000023
290.0039463043213,48.17,32.3388,1.8299999999999983
290.5017514228821,48.17,32.5748,1.8299999999999983
291.0032916069031,48.25,32.4941,1.75
291.5047674179077,48.24,32.7996,1.759999999999998
292.0055079460144,48.25,32.9737,1.75
292.5069100856781,48.33,32.8831,1.6700000000000017
293.005131483078,48.31,33.2211,1.6899999999999977
293.50676226615906,48.36,33.181,1.6400000000000006
294.003888130188,48.37,33.4303,1.6300000000000026
294.5079231262207,48.38,33.5527,1.6199999999999974
295.00789499282837,48.44,33.5139,1.5600000000000023
295.50877952575684,48.44,33.733,1.5600000000000023
296.0058536529541,48.49,33.739,1.509999999999998
296.5041754245758,48.5,33.9416,1.5
297.0052881240845,48.49,34.1764,1.509999999999998
297.5050458908081,48.57,34.0239,1.4299999999999997
298.00477743148804,48.53,34.4059,1.4699999999999989
298.5070264339447,48.57,34.4195,1.4299999999999997
299.0007412433624,48.64,34.333,1.3599999999999994
299.50168538093567,48.63,34.5633,1.3699999999999974
300.00050234794617,48.71,34.3283,1.2899999999999991
300.5089364051819,48.68,34.7337,1.3200000000000003
301.00964617729187,48.68,34.8701,1.3200000000000003
301.5008554458618,48.77,34.6548,1.2299999999999969
302.0054683685303,48.74,34.9919,1.259999999999998
302.5060477256775,48.79,34.9074,1.2100000000000009
303.0019543170929,48.79,35.0409,1.2100000000000009
303.50030279159546,48.82,35.0815,1.1799999999999997
304.0022556781769,48.88,34.9629,1.1199999999999974
304.50173330307007,48.87,35.2189,1.1300000000000026
305.0065805912018,48.89,35.2382,1.1099999999999994
305.50192189216614,48.97,35.0095,1.0300000000000011
306.00199127197266,48.94,35.3395,1.0600000000000023
306.50863218307495,49.0,35.1581,1.0
307.00039649009705,49.0,35.3218,1.0
307.50115871429443,49.03,35.2994,0.9699999999999989
308.009733915329,49.1,35.1406,0.8999999999999986
308.5015571117401,49.08,35.3499,0.9200000000000017
309.0030539035797,49.11,35.3199,0.8900000000000006
309.507785320282,49.17,35.1879,0.8299999999999983
310.0052914619446,49.16,35.2837,0.8400000000000034
310.5044689178467,49.24,35.0531,0.759999999999998
311.0013470649719,49.23,35.228,0.7700000000000031
311.5015118122101,49.23,35.3514,0.7700000000000031
312.0098292827606,49.32,35.0201,0.6799999999999997
312.5002043247223,49.26,35.3763,0.740000000000002
313.00927686691284,49.37,34.9364,0.6300000000000026
313.5020730495453,49.35,35.1498,0.6499999999999986
314.0093502998352,49.37,35.135,0.6300000000000026
314.50086188316345,49.45,34.8541,0.5499999999999972
315.0007379055023,49.42,35.0566,0.5799999999999983
315.5010380744934,49.46,34.9268,0.5399999999999991
316.00128388404846,49.53,34.6689,0.46999999999999886
316.50106501579285,49.5,34.9028,0.5
317.00047540664673,49.57,34.6139,0.4299999999999997
317.5015640258789,49.56,34.7321,0.4399999999999977
318.0053081512451,49.59,34.6577,0.4099999999999966
318.5060636997223,49.66,34.3417,0.3400000000000034
319.00176548957825,49.65,34.4748,0.3500000000000014
319.50239849090576,49.68,34.3505,0.3200000000000003
320.0071904659271,49.7,34.2906,0.29999999999999716
320.507910490036,49.74,34.1713,0.259999999999998
321.0057747364044,49.81,33.8613,0.18999999999999773
321.5051336288452,49.77,34.0765,0.22999999999999687
322.0079481601715,49.81,33.8757,0.18999999999999773
322.50581192970276,49.88,33.5763,0.11999999999999744
323.00211572647095,49.88,33.5927,0.11999999999999744
323.50592064857483,49.93,33.3683,0.07000000000000028
324.00164437294006,49.92,33.4279,0.0799999999999983
324.50257778167725,49.93,33.3634,0.07000000000000028
325.0020830631256,50.0,33.0434,0.0
325.503787279129,49.99,33.0756,0.00999999999999801
326.00024247169495,50.02,32.9443,-0.020000000000003126
326.5061993598938,50.09,32.5869,-0.09000000000000341
327.0030846595764,50.07,32.6693,-0.07000000000000028
327.50797414779663,50.11,32.4477,-0.10999999999999943
328.0016658306122,50.1,32.4776,-0.10000000000000142
328.5023081302643,50.16,32.1574,-0.1599999999999966
329.00317668914795,50.22,31.8708,-0.21999999999999886
329.5018935203552,50.2,31.9312,-0.20000000000000284
330.00251269340515,50.24,31.6883,-0.240000000000002
330.50137758255005,50.24,31.6745,-0.240000000000002
331.00445222854614,50.25,31.5717,-0.25
331.50203585624695,50.33,31.1445,-0.3299999999999983
332.00183176994324,50.29,31.2695,-0.28999999999999915
332.5070610046387,50.34,31.0059,-0.3400000000000034
333.0001871585846,50.4,30.6251,-0.3999999999999986
333.5000023841858,50.36,30.7889,-0.35999999999999943
334.00355291366577,50.44,30.3304,-0.4399999999999977
334.50698351860046,50.42,30.3713,-0.4200000000000017
335.0052332878113,50.44,30.1861,-0.4399999999999977
335.50040102005005,50.5,29.8082,-0.5
336.000559091568,50.49,29.8155,-0.490000000000002
336.50602650642395,50.49,29.7127,-0.490000000000002
337.0004971027374,50.52,29.4817,-0.5200000000000031
337.504177570343,50.54,29.3463,-0.5399999999999991
338.00319647789,50.61,28.8721,-0.6099999999999994
338.50759720802307,50.57,29.0456,-0.5700000000000003
339.0053894519806,50.59,28.7876,-0.5900000000000034
339.5029399394989,50.67,28.3373,-0.6700000000000017
340.00185441970825,50.64,28.3927,-0.6400000000000006
340.50598645210266,50.69,28.0232,-0.6899999999999977
341.0009286403656,50.69,27.9613,-0.6899999999999977
341.5009825229645,50.67,27.9127,-0.6700000000000017
342.00463247299194,50.74,27.4687,-0.740000000000002
342.50442934036255,50.72,27.4947,-0.7199999999999989
343.0074038505554,50.73,27.2998,-0.7299999999999969
343.50007700920105,50.81,26.7786,-0.8100000000000023
344.0035398006439,50.76,26.951,-0.759999999999998
344.5004196166992,50.85,26.3609,-0.8500000000000014
345.00118708610535,50.8,26.499,-0.7999999999999972
345.5048747062683,50.81,26.329,-0.8100000000000023
346.00137400627136,50.87,25.8938,-0.8699999999999974
346.50553846359253,50.84,25.9265,-0.8400000000000034
347.0026640892029,50.84,25.814,-0.8400000000000034
347.5000171661377,50.86,25.5645,-0.8599999999999994
348.0040612220764,50.89,25.2871,-0.8900000000000006
348.5062780380249,50.92,25.0376,-0.9200000000000017
349.00340461730957,50.89,25.0413,-0.8900000000000006
349.5025327205658,50.91,24.8254,-0.9099999999999966
350.0020306110382,50.95,24.4803,-0.9500000000000028
350.5004036426544,50.93,24.4474,-0.9299999999999997
351.00402784347534,50.96,24.1511,-0.9600000000000009
351.5029091835022,50.94,24.1165,-0.9399999999999977
352.0034177303314,50.93,24.0264,-0.9299999999999997
352.50065994262695,51.0,23.5452,-1.0
353.0023057460785,50.94,23.6649,-0.9399999999999977
353.5091333389282,50.96,23.4523,-0.9600000000000009
354.00860500335693,51.01,23.0059,-1.009999999999998
354.50481486320496,50.97,23.0982,-0.9699999999999989
355.0035903453827,51.04,22.612,-1.0399999999999991
355.5057725906372,50.99,22.701,-0.990000000000002
356.00378346443176,50.99,22.5724,-0.990000000000002
356.5027153491974,51.04,22.1501,-1.0399999999999991
357.00935196876526,51.0,22.1914,-1.0
357.50102257728577,51.05,21.8391,-1.0499999999999972
358.0016145706177,51.02,21.7963,-1.0200000000000031
358.5008201599121,51.02,21.6698,-1.0200000000000031
359.00282526016235,51.06,21.312,-1.0600000000000023
359.50339436531067,51.02,21.2937,-1.0200000000000031
360.0042669773102,51.02,21.2102,-1.0200000000000031
360.5017466545105,51.06,20.8274,-1.0600000000000023
361.0003125667572,51.03,20.7906,-1.0300000000000011
361.5009515285492,51.09,20.4244,-1.0900000000000034
362.0050947666168,51.04,20.4754,-1.0399999999999991
362.50855326652527,51.04,20.3502,-1.0399999999999991
363.0067460536957,51.09,19.9394,-1.0900000000000034
363.50939989089966,51.05,19.9751,-1.0499999999999972
364.00385570526123,51.04,19.8896,-1.0399999999999991
364.50725960731506,51.09,19.4582,-1.0900000000000034
365.00940108299255,51.04,19.5467,-1.0399999999999991
365.50232434272766,51.08,19.2104,-1.0799999999999983
366.0033526420593,51.04,19.2351,-1.0399999999999991
366.5015242099762,51.03,19.1513,-1.0300000000000011
367.00064277648926,51.06,18.8136,-1.0600000000000023
367.50453424453735,51.03,18.7872,-1.0300000000000011
368.00612115859985,51.09,18.3811,-1.0900000000000034
368.504487991333,51.02,18.5435,-1.0200000000000031
369.00467562675476,51.02,18.4387,-1.0200000000000031
369.5023264884949,51.06,18.0583,-1.0600000000000023
370.0009605884552,51.01,18.1887,-1.009999999999998
370.5036609172821,51.01,18.0102,-1.009999999999998
371.0021870136261,51.06,17.5791,-1.0600000000000023
371.50427889823914,51.01,17.733,-1.009999999999998
372.0000777244568,51.03,17.4552,-1.0300000000000011
372.5046260356903,50.99,17.5002,-0.990000000000002
373.0050802230835,50.97,17.452,-0.9699999999999989
373.5043053627014,51.0,17.1741,-1.0
374.0055778026581,50.97,17.1762,-0.9699999999999989
374.5079219341278,50.96,17.053,-0.9600000000000009
375.00881719589233,50.97,16.8835,-0.9699999999999989
375.50524401664734,50.95,16.8751,-0.9500000000000028
376.00788593292236,50.99,16.4965,-0.990000000000002
376.5060636997223,50.95,16.5192,-0.9500000000000028
377.0042452812195,50.94,16.4795,-0.9399999999999977
377.5006251335144,51.0,16.0392,-1.0
378.00560665130615,50.94,16.2034,-0.9399999999999977
378.50503730773926,50.99,15.8235,-0.990000000000002
379.00726532936096,50.92,16.0142,-0.9200000000000017
379.50261545181274,50.92,15.8781,-0.9200000000000017
380.00313544273376,50.94,15.6559,-0.9399999999999977
380.50604248046875,50.9,15.6979,-0.8999999999999986
381.00301241874695,50.89,15.5995,-0.8900000000000006
381.5039904117584,50.93,15.2573,-0.9299999999999997
382.0030493736267,50.87,15.4671,-0.8699999999999974
382.5067479610443,50.92,15.0627,-0.9200000000000017
383.00562047958374,50.85,15.26,-0.8500000000000014
383.50865173339844,50.84,15.1804,-0.8400000000000034
384.00351643562317,50.87,14.9262,-0.8699999999999974
384.50533080101013,50.8,15.1691,-0.7999999999999972
385.00325441360474,50.85,14.7925,-0.8500000000000014
385.50402212142944,50.81,14.865,-0.8100000000000023
386.0001587867737,50.8,14.788,-0.7999999999999972
386.5053901672363,50.82,14.5875,-0.8200000000000003
387.0069968700409,50.81,14.5186,-0.8100000000000023
387.5065574645996,50.78,14.5731,-0.7800000000000011
388.0057182312012,50.79,14.3541,-0.7899999999999991
388.5096244812012,50.75,14.4578,-0.75
389.001825094223,50.8,14.1172,-0.7999999999999972
389.50355195999146,50.74,14.2911,-0.740000000000002
390.00366497039795,50.75,14.144,-0.75
390.5042245388031,50.73,14.1152,-0.7299999999999969
391.0059320926666,50.71,14.1287,-0.7100000000000009
391.5053172111511,50.7,14.0616,-0.7000000000000028
392.00579357147217,50.69,14.0168,-0.6899999999999977
392.50628423690796,50.67,14.0249,-0.6700000000000017
393.00281977653503,50.69,13.8227,-0.6899999999999977
393.5063648223877,50.65,13.9248,-0.6499999999999986
394.0049648284912,50.65,13.8352,-0.6499999999999986
394.5037281513214,50.67,13.628,-0.6700000000000017
395.00450444221497,50.62,13.7998,-0.6199999999999974
395.50950503349304,50.64,13.5939,-0.6400000000000006
396.0040695667267,50.6,13.6589,-0.6000000000000014
396.50301337242126,50.58,13.6753,-0.5799999999999983
397.0064022541046,50.61,13.4984,-0.6099999999999994
397.5026934146881,50.57,13.596,-0.5700000000000003
398.00418305397034,50.55,13.5938,-0.5499999999999972
398.50071907043457,50.58,13.3703,-0.5799999999999983
399.00813937187195,50.54,13.5193,-0.5399999999999991
399.50621914863586,50.58,13.2409,-0.5799999999999983
400.0011591911316,50.51,13.475,-0.509999999999998
400.5089361667633,50.51,13.4204,-0.509999999999998
401.0001587867737,50.52,13.3039,-0.5200000000000031
401.5062835216522,50.49,13.3802,-0.490000000000002
402.0038480758667,50.49,13.2777,-0.490000000000002
402.50000619888306,50.45,13.4196,-0.45000000000000284
403.00448203086853,50.46,13.3277,-0.46000000000000085
403.50227785110474,50.47,13.1947,-0.46999999999999886
404.0081603527069,50.42,13.3709,-0.4200000000000017
404.5076401233673,50.42,13.3091,-0.4200000000000017
405.00172758102417,50.45,13.0868,-0.45000000000000284
405.50287079811096,50.4,13.3042,-0.3999999999999986
406.00039982795715,50.42,13.1221,-0.4200000000000017
406.50907278060913,50.38,13.2855,-0.38000000000000256
407.00446367263794,50.37,13.2493,-0.36999999999999744
407.50986528396606,50.41,12.9846,-0.4099999999999966
408.0042133331299,50.37,13.1375,-0.36999999999999744
408.508141040802,50.33,13.3069,-0.3299999999999983
409.00671005249023,50.37,13.0305,-0.36999999999999744
409.507737159729,50.31,13.2941,-0.3100000000000023
410.0064330101013,50.35,13.0572,-0.3500000000000014
410.5001394748688,50.3,13.2502,-0.29999999999999716
411.0000145435333,50.3,13.2269,-0.29999999999999716
411.5068566799164,50.32,13.0643,-0.3200000000000003
412.0029139518738,50.29,13.1572,-0.28999999999999915
412.50845980644226,50.31,13.0392,-0.3100000000000023
413.00104308128357,50.26,13.2571,-0.259999999999998
413.50694274902344,50.23,13.3561,-0.22999999999999687
414.00463342666626,50.27,13.1169,-0.2700000000000031
414.5050575733185,50.22,13.351,-0.21999999999999886
415.0050485134125,50.2,13.3827,-0.20000000000000284
415.5090112686157,50.24,13.1823,-0.240000000000002
416.0001404285431,50.17,13.4859,-0.1700000000000017
416.50084042549133,50.22,13.2164,-0.21999999999999886
417.0047948360443,50.17,13.4326,-0.1700000000000017
417.50568866729736,50.16,13.4501,-0.1599999999999966
418.00009298324585,50.21,13.1558,-0.21000000000000085
418.50111627578735,50.16,13.4127,-0.1599999999999966
419.0018320083618,50.13,13.5226,-0.13000000000000256
419.50830578804016,50.15,13.4013,-0.14999999999999858
420.00222730636597,50.12,13.5475,-0.11999999999999744
420.50758242607117,50.18,13.2287,-0.17999999999999972
421.00426959991455,50.12,13.5093,-0.11999999999999744
421.50072956085205,50.1,13.5941,-0.10000000000000142
422.00333619117737,50.1,13.5576,-0.10000000000000142
422.5052785873413,50.08,13.6696,-0.0799999999999983
423.00000286102295,50.09,13.5732,-0.09000000000000341
423.5072157382965,50.11,13.4953,-0.10999999999999943
424.00396370887756,50.06,13.6968,-0.060000000000002274
424.5095462799072,50.1,13.5262,-0.10000000000000142
425.0072522163391,50.04,13.7683,-0.03999999999999915
425.5037672519684,50.03,13.8364,-0.030000000000001137
426.0015103816986,50.09,13.5567,-0.09000000000000341
426.5032901763916,50.03,13.8184,-0.030000000000001137
427.005095243454,50.06,13.6899,-0.060000000000002274
427.5043103694916,50.02,13.8974,-0.020000000000003126
428.0042645931244,49.99,14.0401,0.00999999999999801
428.5016586780548,50.04,13.7914,-0.03999999999999915
429.00535678863525,49.99,14.0364,0.00999999999999801
429.50572514533997,50.02,13.8798,-0.020000000000003126
430.00419664382935,49.98,14.0842,0.020000000000003126
430.50895619392395,49.97,14.1204,0.030000000000001137
431.0097436904907,50.0,14.0012,0.0
431.5079345703125,49.97,14.1645,0.030000000000001137
432.00004720687866,49.92,14.3607,0.0799999999999983
432.505188703537,49.99,14.0406,0.00999999999999801
433.0071141719818,49.94,14.3064,0.060000000000002274
433.50558495521545,49.96,14.2384,0.03999999999999915
434.0071954727173,49.95,14.2806,0.04999999999999716
434.50383138656616,49.91,14.4899,0.09000000000000341
435.00284361839294,49.95,14.297,0.04999999999999716
435.5020363330841,49.9,14.565,0.10000000000000142
436.00040221214294,49.88,14.6604,0.11999999999999744
436.50152492523193,49.89,14.649,0.10999999999999943
437.0026168823242,49.89,14.6461,0.10999999999999943
437.5008957386017,49.94,14.4254,0.060000000000002274
438.00005292892456,49.89,14.7021,0.10999999999999943
438.5006651878357,49.88,14.7387,0.11999999999999744
439.0034246444702,49.93,14.5385,0.07000000000000028
439.5011684894562,49.88,14.7722,0.11999999999999744
440.0033526420593,49.92,14.6107,0.0799999999999983
440.50199365615845,49.86,14.9114,0.14000000000000057
441.0015244483948,49.85,15.001,0.14999999999999858
441.5038468837738,49.94,14.581,0.060000000000002274
442.00085616111755,49.88,14.8613,0.11999999999999744
442.50108671188354,49.89,14.8595,0.10999999999999943
443.0014400482178,49.93,14.6798,0.07000000000000028
443.5005028247833,49.86,15.0014,0.14000000000000057
444.0015163421631,49.93,14.7125,0.07000000000000028
444.50305700302124,49.87,14.9885,0.13000000000000256
445.00106477737427,49.87,15.0457,0.13000000000000256
445.5011897087097,49.91,14.8453,0.09000000000000341
446.0023317337036,49.86,15.1197,0.14000000000000057
446.50369787216187,49.86,15.1332,0.14000000000000057
447.00230264663696,49.86,15.2027,0.14000000000000057
447.50105142593384,49.86,15.1742,0.14000000000000057
448.0000784397125,49.93,14.8194,0.07000000000000028
448.5011520385742,49.85,15.2851,0.14999999999999858
449.00042486190796,49.84,15.3257,0.1599999999999966
449.5001904964447,49.89,15.1195,0.10999999999999943
450.0001919269562,49.85,15.3328,0.14999999999999858
450.5019931793213,49.89,15.1721,0.10999999999999943
451.00348234176636,49.85,15.3996,0.14999999999999858
451.50138235092163,49.84,15.4218,0.1599999999999966
452.0030312538147,49.89,15.1992,0.10999999999999943
452.50284910202026,49.84,15.4674,0.1599999999999966
453.00030851364136,49.85,15.4516,0.14999999999999858
453.50105476379395,49.89,15.2903,0.10999999999999943
454.00218415260315,49.82,15.6575,0.17999999999999972
454.5035288333893,49.86,15.4689,0.14000000000000057
455.0021593570709,49.82,15.7074,0.17999999999999972
455.50392031669617,49.83,15.6632,0.1700000000000017
456.00146484375,49.87,15.4798,0.13000000000000256
456.50162982940674,49.82,15.7631,0.17999999999999972
457.00143551826477,49.86,15.5917,0.14000000000000057
457.5019016265869,49.8,15.9435,0.20000000000000284
458.00234270095825,49.84,15.775,0.1599999999999966
458.5037205219269,49.86,15.6536,0.14000000000000057
459.00373101234436,49.82,15.9035,0.17999999999999972
459.50225710868835,49.82,15.9063,0.17999999999999972
460.00172185897827,49.86,15.7462,0.14000000000000057
460.50298380851746,49.81,16.005,0.18999999999999773
461.00037121772766,49.88,15.7177,0.11999999999999744
461.50101613998413,49.82,16.0366,0.17999999999999972
462.00335597991943,49.82,16.0443,0.17999999999999972
462.5002453327179,49.87,15.8295,0.13000000000000256
463.00095534324646,49.83,16.0485,0.1700000000000017
463.5009536743164,49.81,16.156,0.18999999999999773
464.0010371208191,49.81,16.1985,0.18999999999999773
464.5029618740082,49.84,16.0651,0.1599999999999966
465.0010766983032,49.88,15.8955,0.11999999999999744
465.50200963020325,49.85,16.0967,0.14999999999999858
466.0023465156555,49.82,16.2243,0.17999999999999972
466.5035605430603,49.86,16.0781,0.14000000000000057
467.00061416625977,49.82,16.2851,0.17999999999999972
467.5023593902588,49.86,16.1029,0.14000000000000057
468.0022895336151,49.84,16.2442,0.1599999999999966
468.5005729198456,49.83,16.3168,0.1700000000000017
469.00299072265625,49.88,16.1034,0.11999999999999744
469.50608706474304,49.86,16.1867,0.14000000000000057
470.0078947544098,49.83,16.375,0.1700000000000017
470.50072479248047,49.89,16.1013,0.10999999999999943
471.0034296512604,49.83,16.4053,0.1700000000000017
471.50423216819763,49.88,16.1787,0.11999999999999744
472.0001792907715,49.85,16.3569,0.14999999999999858
472.500607252121,49.85,16.3825,0.14999999999999858
473.0005464553833,49.88,16.2465,0.11999999999999744
473.50009775161743,49.85,16.4106,0.14999999999999858
474.00069093704224,49.89,16.2313,0.10999999999999943
474.50040555000305,49.85,16.4895,0.14999999999999858
475.0004405975342,49.85,16.4989,0.14999999999999858
475.50085258483887,49.9,16.2492,0.10000000000000142
476.0006091594696,49.85,16.5166,0.14999999999999858
476.5008542537689,49.84,16.5909,0.1599999999999966
477.00059938430786,49.91,16.2976,0.09000000000000341
477.5001003742218,49.87,16.4955,0.13000000000000256
478.00004720687866,49.91,16.3486,0.09000000000000341
478.5001919269562,49.86,16.5965,0.14000000000000057
479.0004644393921,49.87,16.5664,0.13000000000000256
479.5003890991211,49.89,16.4692,0.10999999999999943
480.0005888938904,49.87,16.5789,0.13000000000000256
480.5009934902191,49.87,16.5966,0.13000000000000256
481.0005214214325,49.87,16.6153,0.13000000000000256
481.5000398159027,49.87,16.6541,0.13000000000000256
482.00047850608826,49.91,16.4584,0.09000000000000341
482.50085401535034,49.87,16.6618,0.13000000000000256
483.0001723766327,49.88,16.6399,0.11999999999999744
483.5009355545044,49.91,16.5273,0.09000000000000341
484.0006763935089,49.87,16.7537,0.13000000000000256
484.50011944770813,49.93,16.4496,0.07000000000000028
485.00018334388733,49.9,16.6011,0.10000000000000142
485.5007953643799,49.9,16.6263,0.10000000000000142
486.0005362033844,49.95,16.3762,0.04999999999999716
486.5008647441864,49.89,16.7011,0.10999999999999943
487.00070786476135,49.89,16.6895,0.10999999999999943
487.5006139278412,49.95,16.4486,0.04999999999999716
488.00081419944763,49.91,16.6443,0.09000000000000341
488.50039291381836,49.94,16.5078,0.060000000000002274
489.00068068504333,49.92,16.6078,0.0799999999999983
489.5006821155548,49.9,16.7225,0.10000000000000142
490.0006320476532,49.96,16.4656,0.03999999999999915
490.500146150589,49.91,16.735,0.09000000000000341
491.0006194114685,49.91,16.7314,0.09000000000000341
491.5004851818085,49.92,16.6812,0.0799999999999983
492.0006568431854,49.91,16.7322,0.09000000000000341
492.50015115737915,49.97,16.472,0.030000000000001137
493.00077056884766,49.91,16.7834,0.09000000000000341
493.5000195503235,49.91,16.7952,0.09000000000000341
494.0007357597351,49.97,16.4815,0.030000000000001137
494.5009837150574,49.92,16.7407,0.0799999999999983
495.00063395500183,49.99,16.392,0.00999999999999801
495.50014328956604,49.94,16.6493,0.060000000000002274
496.0005416870117,49.93,16.7409,0.07000000000000028
496.5009129047394,49.98,16.4662,0.020000000000003126
497.0007734298706,49.93,16.7316,0.07000000000000028
497.5000183582306,49.92,16.7803,0.0799999999999983
498.0005524158478,50.0,16.4175,0.0
498.50032901763916,49.94,16.7242,0.060000000000002274
499.00002789497375,49.99,16.4626,0.00999999999999801
499.5006277561188,49.96,16.6287,0.03999999999999915
500.00053215026855,49.96,16.6634,0.03999999999999915
500.5009117126465,50.0,16.4269,0.0
501.0000629425049,49.94,16.7276,0.060000000000002274
501.50017166137695,50.0,16.4482,0.0
502.0000422000885,49.96,16.6632,0.03999999999999915
502.5078408718109,49.96,16.6428,0.03999999999999915
503.0050437450409,50.0,16.4719,0.0
503.50022745132446,49.96,16.6473,0.03999999999999915
504.00815534591675,49.96,16.6753,0.03999999999999915
504.5063145160675,50.06,16.1688,-0.060000000000002274
505.0017988681793,49.99,16.5194,0.00999999999999801
505.5000493526459,50.04,16.281,-0.03999999999999915
506.00071382522583,49.98,16.5661,0.020000000000003126
506.5054032802582,49.99,16.5485,0.00999999999999801
507.0012352466583,50.04,16.2847,-0.03999999999999915
507.5056321620941,49.97,16.606,0.030000000000001137
508.00781536102295,49.99,16.519,0.00999999999999801
508.50809502601624,50.04,16.2987,-0.03999999999999915
509.00621151924133,50.01,16.4074,-0.00999999999999801
509.5089933872223,50.03,16.3169,-0.030000000000001137
510.00795221328735,50.02,16.3782,-0.020000000000003126
510.5092933177948,50.0,16.4826,0.0
511.0067529678345,50.03,16.3033,-0.030000000000001137
511.5073130130768,50.02,16.3715,-0.020000000000003126
512.0067477226257,50.05,16.1962,-0.04999999999999716
512.5017664432526,50.03,16.3319,-0.030000000000001137
513.0035183429718,50.03,16.3038,-0.030000000000001137
513.5048172473907,50.08,16.0665,-0.0799999999999983
514.0058205127716,50.04,16.2334,-0.03999999999999915
514.508495092392,50.03,16.3083,-0.030000000000001137
515.0085883140564,50.07,16.0656,-0.07000000000000028
515.5030989646912,50.04,16.212,-0.03999999999999915
516.0002195835114,50.09,15.9847,-0.09000000000000341
516.5009543895721,50.02,16.3062,-0.020000000000003126
517.0024948120117,50.05,16.1749,-0.04999999999999716
517.5032360553741,50.08,16.0184,-0.0799999999999983
518.0026955604553,50.04,16.17,-0.03999999999999915
518.5086417198181,50.04,16.175,-0.03999999999999915
519.0034122467041,50.05,16.1439,-0.04999999999999716
519.5055544376373,50.04,16.1721,-0.03999999999999915
520.007199048996,50.08,15.9424,-0.0799999999999983
520.5094382762909,50.05,16.1023,-0.04999999999999716
521.0012061595917,50.07,16.0115,-0.07000000000000028
521.5084955692291,50.11,15.7634,-0.10999999999999943
522.0032389163971,50.05,16.0863,-0.04999999999999716
522.5098357200623,50.09,15.8379,-0.09000000000000341
523.0012392997742,50.06,15.9886,-0.060000000000002274
523.5058348178864,50.06,16.01,-0.060000000000002274
524.000335931778,50.1,15.7695,-0.10000000000000142
524.5000684261322,50.04,16.0025,-0.03999999999999915
525.0007967948914,50.07,15.9182,-0.07000000000000028
525.5009672641754,50.1,15.7757,-0.10000000000000142
526.000066280365,50.07,15.9135,-0.07000000000000028
526.5007364749908,50.12,15.634,-0.11999999999999744
527.0000605583191,50.07,15.8914,-0.07000000000000028
527.5001740455627,50.08,15.8223,-0.0799999999999983
528.0000553131104,50.11,15.6444,-0.10999999999999943
528.5008454322815,50.07,15.8562,-0.07000000000000028
529.0006899833679,50.11,15.6437,-0.10999999999999943
529.5003981590271,50.09,15.7066,-0.09000000000000341
530.0007152557373,50.08,15.748,-0.0799999999999983
530.5008628368378,50.1,15.6326,-0.10000000000000142
531.0001320838928,50.08,15.7203,-0.0799999999999983
531.5000419616699,50.08,15.6915,-0.0799999999999983
532.000515460968,50.11,15.5303,-0.10999999999999943
532.500718832016,50.1,15.574,-0.10000000000000142
533.0006213188171,50.12,15.4872,-0.11999999999999744
533.5007832050323,50.08,15.6623,-0.0799999999999983
534.000940322876,50.09,15.5696,-0.09000000000000341
534.5005586147308,50.12,15.442,-0.11999999999999744
535.0008220672607,50.08,15.6043,-0.0799999999999983
535.5005767345428,50.07,15.6352,-0.07000000000000028
536.0008561611176,50.08,15.5794,-0.0799999999999983
536.5006306171417,50.08,15.5955,-0.0799999999999983
537.0001242160797,50.14,15.2808,-0.14000000000000057
537.500078201294,50.08,15.4427,-0.0799999999999983
538.0009047985077,50.08,15.5193,-0.0799999999999983
538.500364780426,50.13,15.2842,-0.13000000000000256
539.0006628036499,50.1,15.4168,-0.10000000000000142
539.5000786781311,50.13,15.2408,-0.13000000000000256
540.0009124279022,50.1,15.3602,-0.10000000000000142
540.5000741481781,50.1,15.35,-0.10000000000000142
541.0005955696106,50.13,15.1649,-0.13000000000000256
541.500082731247,50.09,15.3513,-0.09000000000000341
542.0009062290192,50.09,15.3699,-0.09000000000000341
542.5004932880402,50.15,15.0532,-0.14999999999999858
543.0008556842804,50.09,15.3458,-0.09000000000000341
543.5000929832458,50.14,15.043,-0.14000000000000057
544.0000960826874,50.11,15.2245,-0.10999999999999943
544.5003263950348,50.1,15.2427,-0.10000000000000142
545.0003712177277,50.15,14.9894,-0.14999999999999858
545.5002620220184,50.12,15.117,-0.11999999999999744
546.0006158351898,50.16,14.8812,-0.1599999999999966
546.5008103847504,50.1,15.1539,-0.10000000000000142
547.0000224113464,50.09,15.1985,-0.09000000000000341
547.5006959438324,50.15,14.9012,-0.14999999999999858
548.0004277229309,50.11,15.0735,-0.10999999999999943
548.5008292198181,50.12,15.0072,-0.11999999999999744
549.0007367134094,50.16,14.8011,-0.1599999999999966
549.50066614151,50.13,14.9219,-0.13000000000000256
550.0001010894775,50.15,14.8057,-0.14999999999999858
550.5007903575897,50.11,14.9624,-0.10999999999999943
551.0000269412994,50.12,14.939,-0.11999999999999744
551.5001196861267,50.16,14.68,-0.1599999999999966
552.0007381439209,50.07,15.1471,-0.07000000000000028
552.50013256073,50.1,14.995,-0.10000000000000142
553.0002620220184,50.12,14.8237,-0.11999999999999744
553.5002205371857,50.1,14.9239,-0.10000000000000142
554.0009651184082,50.14,14.7035,-0.14000000000000057
554.503600358963,50.1,14.8896,-0.10000000000000142
555.0077226161957,50.12,14.7988,-0.11999999999999744
555.5039987564087,50.13,14.7472,-0.13000000000000256
556.000335931778,50.1,14.8521,-0.10000000000000142
556.5045828819275,50.13,14.6876,-0.13000000000000256
557.0039663314819,50.08,14.9491,-0.0799999999999983
557.5051410198212,50.08,14.9381,-0.0799999999999983
558.0056843757629,50.13,14.6317,-0.13000000000000256
558.5044221878052,50.08,14.874,-0.0799999999999983
559.002779006958,50.09,14.818,-0.09000000000000341
559.5085289478302,50.13,14.627,-0.13000000000000256
560.0092098712921,50.07,14.879,-0.07000000000000028
560.5065217018127,50.13,14.6056,-0.13000000000000256
561.0019643306732,50.07,14.883,-0.07000000000000028
561.5033123493195,50.06,14.9102,-0.060000000000002274
562.0007374286652,50.12,14.6061,-0.11999999999999744
562.5055289268494,50.07,14.8168,-0.07000000000000028
563.0090229511261,50.08,14.763,-0.0799999999999983
563.5092039108276,50.12,14.54,-0.11999999999999744
564.0003488063812,50.07,14.8122,-0.07000000000000028
564.5015454292297,50.13,14.5106,-0.13000000000000256
565.0058648586273,50.07,14.779,-0.07000000000000028
565.5087893009186,50.09,14.6725,-0.09000000000000341
566.0007309913635,50.1,14.5904,-0.10000000000000142
566.5030465126038,50.07,14.6884,-0.07000000000000028
567.0002300739288,50.08,14.659,-0.0799999999999983
567.508535861969,50.07,14.71,-0.07000000000000028
568.0082566738129,50.05,14.8269,-0.04999999999999716
568.5084223747253,50.1,14.5618,-0.10000000000000142
569.0003859996796,50.06,14.7386,-0.060000000000002274
569.5002930164337,50.07,14.682,-0.07000000000000028
570.0018904209137,50.12,14.4038,-0.11999999999999744
570.5058045387268,50.05,14.7659,-0.04999999999999716
571.0037376880646,50.11,14.4523,-0.10999999999999943
571.5034952163696,50.06,14.6665,-0.060000000000002274
572.008891582489,50.07,14.6333,-0.07000000000000028
572.504228591919,50.1,14.4707,-0.10000000000000142
573.0004653930664,50.06,14.6003,-0.060000000000002274
573.5018019676208,50.12,14.3326,-0.11999999999999744
574.0029017925262,50.05,14.6577,-0.04999999999999716
574.503577709198,50.06,14.6084,-0.060000000000002274
575.0092964172363,50.09,14.4483,-0.09000000000000341
575.5096654891968,50.05,14.6463,-0.04999999999999716
576.001695394516,50.05,14.6449,-0.04999999999999716
576.5036067962646,50.09,14.451,-0.09000000000000341
577.004501581192,50.05,14.6251,-0.04999999999999716
577.5016345977783,50.08,14.4895,-0.0799999999999983
578.0074272155762,50.03,14.6845,-0.030000000000001137
578.5032951831818,50.03,14.7084,-0.030000000000001137
579.0078074932098,50.08,14.4689,-0.0799999999999983
579.5088074207306,50.04,14.606,-0.03999999999999915
580.0019335746765,50.11,14.2893,-0.10999999999999943
580.5023839473724,50.12,14.192,-0.11999999999999744
581.0004272460938,50.15,14.0385,-0.14999999999999858
581.5023190975189,50.14,14.0491,-0.14000000000000057
582.002584695816,50.11,14.1983,-0.10999999999999943
582.5049197673798,50.1,14.2123,-0.10000000000000142
583.0066299438477,50.16,13.9031,-0.1599999999999966
583.5084528923035,50.1,14.2022,-0.10000000000000142
584.0072822570801,50.14,13.9599,-0.14000000000000057
584.5004160404205,50.11,14.0969,-0.10999999999999943
585.0097277164459,50.11,14.0948,-0.10999999999999943
585.500675201416,50.15,13.8507,-0.14999999999999858
586.0002639293671,50.12,13.9939,-0.11999999999999744
586.5033857822418,50.08,14.1323,-0.0799999999999983
587.0017869472504,50.14,13.8723,-0.14000000000000057
587.5033497810364,50.05,14.3054,-0.04999999999999716
588.0091669559479,50.11,13.9939,-0.10999999999999943
588.5029277801514,50.05,14.2496,-0.04999999999999716
589.0083258152008,50.07,14.1691,-0.07000000000000028
589.5009055137634,50.11,13.9654,-0.10999999999999943
590.0010063648224,50.04,14.2923,-0.03999999999999915
590.5073301792145,50.04,14.2849,-0.03999999999999915
591.0000228881836,50.04,14.2734,-0.03999999999999915
591.5015466213226,50.06,14.1887,-0.060000000000002274
592.0070986747742,50.07,14.1068,-0.07000000000000028
592.5009062290192,50.06,14.1807,-0.060000000000002274
593.0080904960632,50.05,14.2134,-0.04999999999999716
593.5050950050354,50.08,14.0335,-0.0799999999999983
594.0052983760834,50.03,14.2869,-0.030000000000001137
594.5042247772217,50.08,14.0408,-0.0799999999999983
595.0019783973694,50.01,14.3828,-0.00999999999999801
595.5034248828888,50.01,14.4123,-0.00999999999999801
596.0031826496124,50.05,14.1524,-0.04999999999999716
596.5045437812805,50.02,14.2968,-0.020000000000003126
597.0029916763306,50.02,14.3289,-0.020000000000003126
597.5098490715027,50.03,14.2681,-0.030000000000001137
598.0018677711487,50.0,14.3983,0.0
598.5065152645111,50.1,13.9179,-0.10000000000000142
599.002822637558,50.05,14.1304,-0.04999999999999716
599.5004813671112,50.07,14.0297,-0.07000000000000028
